{
  "translation": {
    "x": 1.183213061812574,
    "y": 0.061173088918848983,
    "z": -2.704516248548228
  },
  "rotation": {
    "w": -0.04188012865531793,
    "i": -0.3266329316188913,
    "j": -0.18908208602827975,
    "k": 0.9250972638317859
  }
}